product_id,name,category,brand,color,description,price,rating,review_count,source,product_url,image_url,availability,delivery_estimate,tags,search_text
1,Nike Revolution Running Shoes,footwear,Nike,Gray,Lightweight running shoes with soft cushioning designed for walking jogging gym workouts and daily comfort.,61.01,4.0,884,Nike,https://example.com/nike/product-1,https://example.com/images/product-1.jpg,Out of Stock,Same day,walking shoes running sneakers lightweight cushioned daily comfort,Nike Revolution Running Shoes footwear Nike Gray Lightweight running shoes with soft cushioning designed for walking jogging gym workouts and daily comfort. Nike walking shoes running sneakers lightweight cushioned daily comfort
2,Nike Revolution Running Shoes,footwear,Nike,Black,Lightweight running shoes with soft cushioning designed for walking jogging gym workouts and daily comfort.,57.69,3.9,1950,eBay,https://example.com/ebay/product-2,https://example.com/images/product-2.jpg,Out of Stock,5-7 days,walking shoes running sneakers lightweight cushioned daily comfort,Nike Revolution Running Shoes footwear Nike Black Lightweight running shoes with soft cushioning designed for walking jogging gym workouts and daily comfort. eBay walking shoes running sneakers lightweight cushioned daily comfort
3,Nike Revolution Running Shoes,footwear,Nike,Navy,Lightweight running shoes with soft cushioning designed for walking jogging gym workouts and daily comfort.,65.95,4.6,3481,Walmart,https://example.com/walmart/product-3,https://example.com/images/product-3.jpg,Limited Stock,3-5 days,walking shoes running sneakers lightweight cushioned daily comfort,Nike Revolution Running Shoes footwear Nike Navy Lightweight running shoes with soft cushioning designed for walking jogging gym workouts and daily comfort. Walmart walking shoes running sneakers lightweight cushioned daily comfort
4,Nike Revolution Running Shoes,footwear,Nike,Navy,Lightweight running shoes with soft cushioning designed for walking jogging gym workouts and daily comfort.,69.82,3.8,1352,Amazon,https://example.com/amazon/product-4,https://example.com/images/product-4.jpg,In Stock,2 days,walking shoes running sneakers lightweight cushioned daily comfort,Nike Revolution Running Shoes footwear Nike Navy Lightweight running shoes with soft cushioning designed for walking jogging gym workouts and daily comfort. Amazon walking shoes running sneakers lightweight cushioned daily comfort
5,Adidas Cloudfoam Casual Sneakers,footwear,Adidas,Blue,Comfortable casual sneakers with cloudfoam cushioning for travel walking campus use and everyday wear.,54.26,4.2,2985,Walmart,https://example.com/walmart/product-5,https://example.com/images/product-5.jpg,In Stock,5-7 days,casual sneakers walking comfort travel college,Adidas Cloudfoam Casual Sneakers footwear Adidas Blue Comfortable casual sneakers with cloudfoam cushioning for travel walking campus use and everyday wear. Walmart casual sneakers walking comfort travel college
6,Adidas Cloudfoam Casual Sneakers,footwear,Adidas,Blue,Comfortable casual sneakers with cloudfoam cushioning for travel walking campus use and everyday wear.,64.41,4.6,1067,eBay,https://example.com/ebay/product-6,https://example.com/images/product-6.jpg,In Stock,Same day,casual sneakers walking comfort travel college,Adidas Cloudfoam Casual Sneakers footwear Adidas Blue Comfortable casual sneakers with cloudfoam cushioning for travel walking campus use and everyday wear. eBay casual sneakers walking comfort travel college
7,Skechers Go Walk Slip-On Shoes,footwear,Skechers,Black,Slip-on walking shoes with breathable upper and memory foam support for long standing and daily walking.,49.0,4.1,2415,Target,https://example.com/target/product-7,https://example.com/images/product-7.jpg,In Stock,1-2 days,walking slip on memory foam comfort shoes,Skechers Go Walk Slip-On Shoes footwear Skechers Black Slip-on walking shoes with breathable upper and memory foam support for long standing and daily walking. Target walking slip on memory foam comfort shoes
8,Skechers Go Walk Slip-On Shoes,footwear,Skechers,Gray,Slip-on walking shoes with breathable upper and memory foam support for long standing and daily walking.,53.41,4.3,3033,eBay,https://example.com/ebay/product-8,https://example.com/images/product-8.jpg,Limited Stock,2 days,walking slip on memory foam comfort shoes,Skechers Go Walk Slip-On Shoes footwear Skechers Gray Slip-on walking shoes with breathable upper and memory foam support for long standing and daily walking. eBay walking slip on memory foam comfort shoes
9,Skechers Go Walk Slip-On Shoes,footwear,Skechers,Navy,Slip-on walking shoes with breathable upper and memory foam support for long standing and daily walking.,51.16,4.1,629,Amazon,https://example.com/amazon/product-9,https://example.com/images/product-9.jpg,Out of Stock,1-2 days,walking slip on memory foam comfort shoes,Skechers Go Walk Slip-On Shoes footwear Skechers Navy Slip-on walking shoes with breathable upper and memory foam support for long standing and daily walking. Amazon walking slip on memory foam comfort shoes
10,Skechers Go Walk Slip-On Shoes,footwear,Skechers,Black,Slip-on walking shoes with breathable upper and memory foam support for long standing and daily walking.,58.01,4.0,3153,Walmart,https://example.com/walmart/product-10,https://example.com/images/product-10.jpg,In Stock,5-7 days,walking slip on memory foam comfort shoes,Skechers Go Walk Slip-On Shoes footwear Skechers Black Slip-on walking shoes with breathable upper and memory foam support for long standing and daily walking. Walmart walking slip on memory foam comfort shoes
11,New Balance Fresh Foam Running Shoes,footwear,New Balance,Gray,Supportive running shoes with fresh foam midsole for jogging walking and fitness training.,91.21,4.2,587,Target,https://example.com/target/product-11,https://example.com/images/product-11.jpg,Limited Stock,5-7 days,running shoes fresh foam fitness jogging,New Balance Fresh Foam Running Shoes footwear New Balance Gray Supportive running shoes with fresh foam midsole for jogging walking and fitness training. Target running shoes fresh foam fitness jogging
12,New Balance Fresh Foam Running Shoes,footwear,New Balance,White,Supportive running shoes with fresh foam midsole for jogging walking and fitness training.,79.13,4.3,3803,Amazon,https://example.com/amazon/product-12,https://example.com/images/product-12.jpg,Limited Stock,2 days,running shoes fresh foam fitness jogging,New Balance Fresh Foam Running Shoes footwear New Balance White Supportive running shoes with fresh foam midsole for jogging walking and fitness training. Amazon running shoes fresh foam fitness jogging
13,New Balance Fresh Foam Running Shoes,footwear,New Balance,Blue,Supportive running shoes with fresh foam midsole for jogging walking and fitness training.,79.82,4.4,2197,eBay,https://example.com/ebay/product-13,https://example.com/images/product-13.jpg,Out of Stock,3-5 days,running shoes fresh foam fitness jogging,New Balance Fresh Foam Running Shoes footwear New Balance Blue Supportive running shoes with fresh foam midsole for jogging walking and fitness training. eBay running shoes fresh foam fitness jogging
14,New Balance Fresh Foam Running Shoes,footwear,New Balance,Black,Supportive running shoes with fresh foam midsole for jogging walking and fitness training.,82.18,4.9,1178,Walmart,https://example.com/walmart/product-14,https://example.com/images/product-14.jpg,Out of Stock,3-5 days,running shoes fresh foam fitness jogging,New Balance Fresh Foam Running Shoes footwear New Balance Black Supportive running shoes with fresh foam midsole for jogging walking and fitness training. Walmart running shoes fresh foam fitness jogging
15,Formal Leather Oxford Shoes,footwear,Clarks,Brown,Polished leather oxford shoes for office meetings interviews formal events and business wear.,97.9,4.7,3503,Amazon,https://example.com/amazon/product-15,https://example.com/images/product-15.jpg,Out of Stock,Same day,formal shoes office leather business interview,Formal Leather Oxford Shoes footwear Clarks Brown Polished leather oxford shoes for office meetings interviews formal events and business wear. Amazon formal shoes office leather business interview
16,Formal Leather Oxford Shoes,footwear,Clarks,Black,Polished leather oxford shoes for office meetings interviews formal events and business wear.,92.29,4.9,2104,eBay,https://example.com/ebay/product-16,https://example.com/images/product-16.jpg,Out of Stock,Same day,formal shoes office leather business interview,Formal Leather Oxford Shoes footwear Clarks Black Polished leather oxford shoes for office meetings interviews formal events and business wear. eBay formal shoes office leather business interview
17,HP Pavilion Student Laptop,electronics,HP,Silver,Lightweight laptop for students office work online classes browsing presentations and everyday productivity.,634.73,4.3,3761,eBay,https://example.com/ebay/product-17,https://example.com/images/product-17.jpg,In Stock,2 days,student laptop office productivity lightweight,HP Pavilion Student Laptop electronics HP Silver Lightweight laptop for students office work online classes browsing presentations and everyday productivity. eBay student laptop office productivity lightweight
18,HP Pavilion Student Laptop,electronics,HP,Silver,Lightweight laptop for students office work online classes browsing presentations and everyday productivity.,701.28,3.9,2489,Walmart,https://example.com/walmart/product-18,https://example.com/images/product-18.jpg,Out of Stock,5-7 days,student laptop office productivity lightweight,HP Pavilion Student Laptop electronics HP Silver Lightweight laptop for students office work online classes browsing presentations and everyday productivity. Walmart student laptop office productivity lightweight
19,HP Pavilion Student Laptop,electronics,HP,Gray,Lightweight laptop for students office work online classes browsing presentations and everyday productivity.,641.67,4.6,49,Target,https://example.com/target/product-19,https://example.com/images/product-19.jpg,Out of Stock,2 days,student laptop office productivity lightweight,HP Pavilion Student Laptop electronics HP Gray Lightweight laptop for students office work online classes browsing presentations and everyday productivity. Target student laptop office productivity lightweight
20,HP Pavilion Student Laptop,electronics,HP,Silver,Lightweight laptop for students office work online classes browsing presentations and everyday productivity.,619.26,4.8,2564,Amazon,https://example.com/amazon/product-20,https://example.com/images/product-20.jpg,Limited Stock,Same day,student laptop office productivity lightweight,HP Pavilion Student Laptop electronics HP Silver Lightweight laptop for students office work online classes browsing presentations and everyday productivity. Amazon student laptop office productivity lightweight
21,Dell Inspiron 15 Laptop,electronics,Dell,Silver,Reliable 15 inch laptop for college assignments business work streaming and multitasking.,699.29,4.9,1075,Best Buy,https://example.com/best-buy/product-21,https://example.com/images/product-21.jpg,Limited Stock,3-5 days,college laptop business multitasking 15 inch,Dell Inspiron 15 Laptop electronics Dell Silver Reliable 15 inch laptop for college assignments business work streaming and multitasking. Best Buy college laptop business multitasking 15 inch
22,Dell Inspiron 15 Laptop,electronics,Dell,Silver,Reliable 15 inch laptop for college assignments business work streaming and multitasking.,613.34,4.8,3511,eBay,https://example.com/ebay/product-22,https://example.com/images/product-22.jpg,Limited Stock,5-7 days,college laptop business multitasking 15 inch,Dell Inspiron 15 Laptop electronics Dell Silver Reliable 15 inch laptop for college assignments business work streaming and multitasking. eBay college laptop business multitasking 15 inch
23,Dell Inspiron 15 Laptop,electronics,Dell,Black,Reliable 15 inch laptop for college assignments business work streaming and multitasking.,683.21,4.2,3104,Walmart,https://example.com/walmart/product-23,https://example.com/images/product-23.jpg,In Stock,5-7 days,college laptop business multitasking 15 inch,Dell Inspiron 15 Laptop electronics Dell Black Reliable 15 inch laptop for college assignments business work streaming and multitasking. Walmart college laptop business multitasking 15 inch
24,Dell Inspiron 15 Laptop,electronics,Dell,Silver,Reliable 15 inch laptop for college assignments business work streaming and multitasking.,590.87,4.0,2814,Amazon,https://example.com/amazon/product-24,https://example.com/images/product-24.jpg,In Stock,5-7 days,college laptop business multitasking 15 inch,Dell Inspiron 15 Laptop electronics Dell Silver Reliable 15 inch laptop for college assignments business work streaming and multitasking. Amazon college laptop business multitasking 15 inch
25,Lenovo IdeaPad Slim Laptop,electronics,Lenovo,Gray,Slim portable laptop with long battery life for students remote work and presentations.,682.5,4.8,2751,Amazon,https://example.com/amazon/product-25,https://example.com/images/product-25.jpg,In Stock,5-7 days,portable laptop student remote work battery,Lenovo IdeaPad Slim Laptop electronics Lenovo Gray Slim portable laptop with long battery life for students remote work and presentations. Amazon portable laptop student remote work battery
26,Lenovo IdeaPad Slim Laptop,electronics,Lenovo,Blue,Slim portable laptop with long battery life for students remote work and presentations.,691.18,4.3,1128,Best Buy,https://example.com/best-buy/product-26,https://example.com/images/product-26.jpg,Out of Stock,5-7 days,portable laptop student remote work battery,Lenovo IdeaPad Slim Laptop electronics Lenovo Blue Slim portable laptop with long battery life for students remote work and presentations. Best Buy portable laptop student remote work battery
27,Lenovo IdeaPad Slim Laptop,electronics,Lenovo,Gray,Slim portable laptop with long battery life for students remote work and presentations.,684.96,4.3,3379,Target,https://example.com/target/product-27,https://example.com/images/product-27.jpg,Limited Stock,Same day,portable laptop student remote work battery,Lenovo IdeaPad Slim Laptop electronics Lenovo Gray Slim portable laptop with long battery life for students remote work and presentations. Target portable laptop student remote work battery
28,Lenovo IdeaPad Slim Laptop,electronics,Lenovo,Gray,Slim portable laptop with long battery life for students remote work and presentations.,757.84,4.2,3412,Walmart,https://example.com/walmart/product-28,https://example.com/images/product-28.jpg,In Stock,Same day,portable laptop student remote work battery,Lenovo IdeaPad Slim Laptop electronics Lenovo Gray Slim portable laptop with long battery life for students remote work and presentations. Walmart portable laptop student remote work battery
29,Apple MacBook Air M2,electronics,Apple,Space Gray,Thin and powerful laptop for students creators coding data analysis browsing and long battery life.,961.42,4.7,2081,eBay,https://example.com/ebay/product-29,https://example.com/images/product-29.jpg,Limited Stock,1-2 days,macbook student coding data analysis lightweight,Apple MacBook Air M2 electronics Apple Space Gray Thin and powerful laptop for students creators coding data analysis browsing and long battery life. eBay macbook student coding data analysis lightweight
30,Apple MacBook Air M2,electronics,Apple,Silver,Thin and powerful laptop for students creators coding data analysis browsing and long battery life.,987.66,4.3,2326,Target,https://example.com/target/product-30,https://example.com/images/product-30.jpg,In Stock,1-2 days,macbook student coding data analysis lightweight,Apple MacBook Air M2 electronics Apple Silver Thin and powerful laptop for students creators coding data analysis browsing and long battery life. Target macbook student coding data analysis lightweight
31,ASUS TUF Gaming Laptop,electronics,ASUS,Gray,High performance gaming laptop with dedicated graphics for gaming video editing and heavy workloads.,1223.8,4.8,1981,Best Buy,https://example.com/best-buy/product-31,https://example.com/images/product-31.jpg,Limited Stock,3-5 days,gaming laptop gpu video editing performance,ASUS TUF Gaming Laptop electronics ASUS Gray High performance gaming laptop with dedicated graphics for gaming video editing and heavy workloads. Best Buy gaming laptop gpu video editing performance
32,ASUS TUF Gaming Laptop,electronics,ASUS,Black,High performance gaming laptop with dedicated graphics for gaming video editing and heavy workloads.,1095.07,4.8,525,eBay,https://example.com/ebay/product-32,https://example.com/images/product-32.jpg,Limited Stock,3-5 days,gaming laptop gpu video editing performance,ASUS TUF Gaming Laptop electronics ASUS Black High performance gaming laptop with dedicated graphics for gaming video editing and heavy workloads. eBay gaming laptop gpu video editing performance
33,ASUS TUF Gaming Laptop,electronics,ASUS,Gray,High performance gaming laptop with dedicated graphics for gaming video editing and heavy workloads.,1228.11,4.1,3772,Walmart,https://example.com/walmart/product-33,https://example.com/images/product-33.jpg,In Stock,3-5 days,gaming laptop gpu video editing performance,ASUS TUF Gaming Laptop electronics ASUS Gray High performance gaming laptop with dedicated graphics for gaming video editing and heavy workloads. Walmart gaming laptop gpu video editing performance
34,Sony WH-1000XM Wireless Headphones,electronics,Sony,Black,Premium wireless headphones with active noise cancellation long battery life and clear sound for travel and study.,279.67,3.9,544,Amazon,https://example.com/amazon/product-34,https://example.com/images/product-34.jpg,In Stock,Same day,noise cancelling headphones wireless travel study,Sony WH-1000XM Wireless Headphones electronics Sony Black Premium wireless headphones with active noise cancellation long battery life and clear sound for travel and study. Amazon noise cancelling headphones wireless travel study
35,Sony WH-1000XM Wireless Headphones,electronics,Sony,Black,Premium wireless headphones with active noise cancellation long battery life and clear sound for travel and study.,306.05,4.4,1334,Walmart,https://example.com/walmart/product-35,https://example.com/images/product-35.jpg,In Stock,5-7 days,noise cancelling headphones wireless travel study,Sony WH-1000XM Wireless Headphones electronics Sony Black Premium wireless headphones with active noise cancellation long battery life and clear sound for travel and study. Walmart noise cancelling headphones wireless travel study
36,JBL Tune Bluetooth Headphones,electronics,JBL,Blue,Affordable bluetooth headphones with strong bass lightweight design and long battery life.,83.35,4.1,1027,Best Buy,https://example.com/best-buy/product-36,https://example.com/images/product-36.jpg,Out of Stock,1-2 days,bluetooth headphones bass battery affordable,JBL Tune Bluetooth Headphones electronics JBL Blue Affordable bluetooth headphones with strong bass lightweight design and long battery life. Best Buy bluetooth headphones bass battery affordable
37,JBL Tune Bluetooth Headphones,electronics,JBL,Blue,Affordable bluetooth headphones with strong bass lightweight design and long battery life.,81.8,4.5,3479,eBay,https://example.com/ebay/product-37,https://example.com/images/product-37.jpg,Out of Stock,5-7 days,bluetooth headphones bass battery affordable,JBL Tune Bluetooth Headphones electronics JBL Blue Affordable bluetooth headphones with strong bass lightweight design and long battery life. eBay bluetooth headphones bass battery affordable
38,Apple AirPods Pro,electronics,Apple,White,Wireless earbuds with active noise cancellation transparency mode and compact charging case.,215.57,4.2,2502,Target,https://example.com/target/product-38,https://example.com/images/product-38.jpg,In Stock,2 days,airpods earbuds noise cancellation wireless,Apple AirPods Pro electronics Apple White Wireless earbuds with active noise cancellation transparency mode and compact charging case. Target airpods earbuds noise cancellation wireless
39,Apple AirPods Pro,electronics,Apple,White,Wireless earbuds with active noise cancellation transparency mode and compact charging case.,202.91,4.5,864,Best Buy,https://example.com/best-buy/product-39,https://example.com/images/product-39.jpg,In Stock,5-7 days,airpods earbuds noise cancellation wireless,Apple AirPods Pro electronics Apple White Wireless earbuds with active noise cancellation transparency mode and compact charging case. Best Buy airpods earbuds noise cancellation wireless
40,Apple AirPods Pro,electronics,Apple,White,Wireless earbuds with active noise cancellation transparency mode and compact charging case.,230.31,3.9,2904,Amazon,https://example.com/amazon/product-40,https://example.com/images/product-40.jpg,In Stock,1-2 days,airpods earbuds noise cancellation wireless,Apple AirPods Pro electronics Apple White Wireless earbuds with active noise cancellation transparency mode and compact charging case. Amazon airpods earbuds noise cancellation wireless
41,Samsung Galaxy Buds,electronics,Samsung,Purple,Compact wireless earbuds with balanced sound comfortable fit and water resistance for workouts.,136.34,4.5,109,Amazon,https://example.com/amazon/product-41,https://example.com/images/product-41.jpg,Out of Stock,2 days,wireless earbuds workout water resistant,Samsung Galaxy Buds electronics Samsung Purple Compact wireless earbuds with balanced sound comfortable fit and water resistance for workouts. Amazon wireless earbuds workout water resistant
42,Samsung Galaxy Buds,electronics,Samsung,Purple,Compact wireless earbuds with balanced sound comfortable fit and water resistance for workouts.,117.62,4.8,2211,Target,https://example.com/target/product-42,https://example.com/images/product-42.jpg,In Stock,Same day,wireless earbuds workout water resistant,Samsung Galaxy Buds electronics Samsung Purple Compact wireless earbuds with balanced sound comfortable fit and water resistance for workouts. Target wireless earbuds workout water resistant
43,Samsung Galaxy Buds,electronics,Samsung,Purple,Compact wireless earbuds with balanced sound comfortable fit and water resistance for workouts.,131.65,4.1,1770,Walmart,https://example.com/walmart/product-43,https://example.com/images/product-43.jpg,In Stock,1-2 days,wireless earbuds workout water resistant,Samsung Galaxy Buds electronics Samsung Purple Compact wireless earbuds with balanced sound comfortable fit and water resistance for workouts. Walmart wireless earbuds workout water resistant
44,Cotton Crew Neck T-Shirt,clothing,Hanes,Black,Soft cotton crew neck t-shirt for casual wear layering gym use and everyday comfort.,16.45,4.7,801,Target,https://example.com/target/product-44,https://example.com/images/product-44.jpg,In Stock,2 days,cotton t shirt casual everyday comfort,Cotton Crew Neck T-Shirt clothing Hanes Black Soft cotton crew neck t-shirt for casual wear layering gym use and everyday comfort. Target cotton t shirt casual everyday comfort
45,Cotton Crew Neck T-Shirt,clothing,Hanes,Red,Soft cotton crew neck t-shirt for casual wear layering gym use and everyday comfort.,13.2,4.6,2190,eBay,https://example.com/ebay/product-45,https://example.com/images/product-45.jpg,Limited Stock,3-5 days,cotton t shirt casual everyday comfort,Cotton Crew Neck T-Shirt clothing Hanes Red Soft cotton crew neck t-shirt for casual wear layering gym use and everyday comfort. eBay cotton t shirt casual everyday comfort
46,Cotton Crew Neck T-Shirt,clothing,Hanes,Red,Soft cotton crew neck t-shirt for casual wear layering gym use and everyday comfort.,15.73,4.4,961,Walmart,https://example.com/walmart/product-46,https://example.com/images/product-46.jpg,In Stock,1-2 days,cotton t shirt casual everyday comfort,Cotton Crew Neck T-Shirt clothing Hanes Red Soft cotton crew neck t-shirt for casual wear layering gym use and everyday comfort. Walmart cotton t shirt casual everyday comfort
47,Cotton Crew Neck T-Shirt,clothing,Hanes,Black,Soft cotton crew neck t-shirt for casual wear layering gym use and everyday comfort.,13.32,4.2,1258,Amazon,https://example.com/amazon/product-47,https://example.com/images/product-47.jpg,In Stock,1-2 days,cotton t shirt casual everyday comfort,Cotton Crew Neck T-Shirt clothing Hanes Black Soft cotton crew neck t-shirt for casual wear layering gym use and everyday comfort. Amazon cotton t shirt casual everyday comfort
48,Slim Fit Formal Shirt,clothing,Van Heusen,Gray,Wrinkle resistant formal shirt for office interviews meetings and business casual outfits.,32.56,4.1,887,Target,https://example.com/target/product-48,https://example.com/images/product-48.jpg,In Stock,5-7 days,formal shirt office interview wrinkle resistant,Slim Fit Formal Shirt clothing Van Heusen Gray Wrinkle resistant formal shirt for office interviews meetings and business casual outfits. Target formal shirt office interview wrinkle resistant
49,Slim Fit Formal Shirt,clothing,Van Heusen,Gray,Wrinkle resistant formal shirt for office interviews meetings and business casual outfits.,38.97,4.6,1984,Amazon,https://example.com/amazon/product-49,https://example.com/images/product-49.jpg,Limited Stock,1-2 days,formal shirt office interview wrinkle resistant,Slim Fit Formal Shirt clothing Van Heusen Gray Wrinkle resistant formal shirt for office interviews meetings and business casual outfits. Amazon formal shirt office interview wrinkle resistant
50,Slim Fit Formal Shirt,clothing,Van Heusen,Black,Wrinkle resistant formal shirt for office interviews meetings and business casual outfits.,31.0,4.6,2766,Walmart,https://example.com/walmart/product-50,https://example.com/images/product-50.jpg,In Stock,1-2 days,formal shirt office interview wrinkle resistant,Slim Fit Formal Shirt clothing Van Heusen Black Wrinkle resistant formal shirt for office interviews meetings and business casual outfits. Walmart formal shirt office interview wrinkle resistant
51,Water Resistant Winter Jacket,clothing,Columbia,Gray,Warm insulated jacket with water resistant shell for cold weather hiking travel and outdoor use.,141.6,4.7,1867,Amazon,https://example.com/amazon/product-51,https://example.com/images/product-51.jpg,Limited Stock,3-5 days,winter jacket warm water resistant hiking travel,Water Resistant Winter Jacket clothing Columbia Gray Warm insulated jacket with water resistant shell for cold weather hiking travel and outdoor use. Amazon winter jacket warm water resistant hiking travel
52,Water Resistant Winter Jacket,clothing,Columbia,Navy,Warm insulated jacket with water resistant shell for cold weather hiking travel and outdoor use.,123.91,4.7,1909,Walmart,https://example.com/walmart/product-52,https://example.com/images/product-52.jpg,Limited Stock,Same day,winter jacket warm water resistant hiking travel,Water Resistant Winter Jacket clothing Columbia Navy Warm insulated jacket with water resistant shell for cold weather hiking travel and outdoor use. Walmart winter jacket warm water resistant hiking travel
53,Lightweight Hoodie,clothing,Champion,Black,Comfortable fleece hoodie for casual wear gym warmups college and relaxed weekends.,44.47,4.1,3319,Target,https://example.com/target/product-53,https://example.com/images/product-53.jpg,Out of Stock,2 days,hoodie fleece casual gym college,Lightweight Hoodie clothing Champion Black Comfortable fleece hoodie for casual wear gym warmups college and relaxed weekends. Target hoodie fleece casual gym college
54,Lightweight Hoodie,clothing,Champion,Black,Comfortable fleece hoodie for casual wear gym warmups college and relaxed weekends.,36.3,4.9,1507,Walmart,https://example.com/walmart/product-54,https://example.com/images/product-54.jpg,Out of Stock,2 days,hoodie fleece casual gym college,Lightweight Hoodie clothing Champion Black Comfortable fleece hoodie for casual wear gym warmups college and relaxed weekends. Walmart hoodie fleece casual gym college
55,Lightweight Hoodie,clothing,Champion,Black,Comfortable fleece hoodie for casual wear gym warmups college and relaxed weekends.,36.23,4.3,2614,Amazon,https://example.com/amazon/product-55,https://example.com/images/product-55.jpg,In Stock,5-7 days,hoodie fleece casual gym college,Lightweight Hoodie clothing Champion Black Comfortable fleece hoodie for casual wear gym warmups college and relaxed weekends. Amazon hoodie fleece casual gym college
56,Yoga Mat Non Slip,fitness,Gaiam,Purple,Non slip yoga mat with extra cushioning for stretching pilates home workouts and floor exercises.,31.49,3.8,1659,Walmart,https://example.com/walmart/product-56,https://example.com/images/product-56.jpg,In Stock,3-5 days,yoga mat non slip exercise stretching pilates,Yoga Mat Non Slip fitness Gaiam Purple Non slip yoga mat with extra cushioning for stretching pilates home workouts and floor exercises. Walmart yoga mat non slip exercise stretching pilates
57,Yoga Mat Non Slip,fitness,Gaiam,Black,Non slip yoga mat with extra cushioning for stretching pilates home workouts and floor exercises.,33.22,4.8,2616,eBay,https://example.com/ebay/product-57,https://example.com/images/product-57.jpg,In Stock,2 days,yoga mat non slip exercise stretching pilates,Yoga Mat Non Slip fitness Gaiam Black Non slip yoga mat with extra cushioning for stretching pilates home workouts and floor exercises. eBay yoga mat non slip exercise stretching pilates
58,Yoga Mat Non Slip,fitness,Gaiam,Blue,Non slip yoga mat with extra cushioning for stretching pilates home workouts and floor exercises.,31.19,4.2,2467,Amazon,https://example.com/amazon/product-58,https://example.com/images/product-58.jpg,Out of Stock,1-2 days,yoga mat non slip exercise stretching pilates,Yoga Mat Non Slip fitness Gaiam Blue Non slip yoga mat with extra cushioning for stretching pilates home workouts and floor exercises. Amazon yoga mat non slip exercise stretching pilates
59,Adjustable Dumbbell Set,fitness,Bowflex,Black,Adjustable dumbbells for strength training home gym workouts muscle building and compact storage.,256.92,4.1,48,eBay,https://example.com/ebay/product-59,https://example.com/images/product-59.jpg,In Stock,2 days,dumbbells strength training home gym adjustable,Adjustable Dumbbell Set fitness Bowflex Black Adjustable dumbbells for strength training home gym workouts muscle building and compact storage. eBay dumbbells strength training home gym adjustable
60,Adjustable Dumbbell Set,fitness,Bowflex,Gray,Adjustable dumbbells for strength training home gym workouts muscle building and compact storage.,245.78,4.4,2684,Target,https://example.com/target/product-60,https://example.com/images/product-60.jpg,In Stock,3-5 days,dumbbells strength training home gym adjustable,Adjustable Dumbbell Set fitness Bowflex Gray Adjustable dumbbells for strength training home gym workouts muscle building and compact storage. Target dumbbells strength training home gym adjustable
61,Adjustable Dumbbell Set,fitness,Bowflex,Gray,Adjustable dumbbells for strength training home gym workouts muscle building and compact storage.,260.53,4.4,1435,Amazon,https://example.com/amazon/product-61,https://example.com/images/product-61.jpg,In Stock,2 days,dumbbells strength training home gym adjustable,Adjustable Dumbbell Set fitness Bowflex Gray Adjustable dumbbells for strength training home gym workouts muscle building and compact storage. Amazon dumbbells strength training home gym adjustable
62,Whey Protein Powder,fitness,Optimum Nutrition,Chocolate,Whey protein powder for muscle recovery post workout nutrition and fitness training.,42.94,4.7,1252,Walmart,https://example.com/walmart/product-62,https://example.com/images/product-62.jpg,In Stock,Same day,protein powder muscle recovery fitness whey,Whey Protein Powder fitness Optimum Nutrition Chocolate Whey protein powder for muscle recovery post workout nutrition and fitness training. Walmart protein powder muscle recovery fitness whey
63,Whey Protein Powder,fitness,Optimum Nutrition,Strawberry,Whey protein powder for muscle recovery post workout nutrition and fitness training.,50.22,4.5,641,Target,https://example.com/target/product-63,https://example.com/images/product-63.jpg,In Stock,3-5 days,protein powder muscle recovery fitness whey,Whey Protein Powder fitness Optimum Nutrition Strawberry Whey protein powder for muscle recovery post workout nutrition and fitness training. Target protein powder muscle recovery fitness whey
64,Fitness Tracker Watch,fitness,Fitbit,Pink,Fitness watch with heart rate monitoring sleep tracking activity goals and smartphone notifications.,140.77,4.5,90,Amazon,https://example.com/amazon/product-64,https://example.com/images/product-64.jpg,In Stock,3-5 days,fitness tracker watch heart rate sleep activity,Fitness Tracker Watch fitness Fitbit Pink Fitness watch with heart rate monitoring sleep tracking activity goals and smartphone notifications. Amazon fitness tracker watch heart rate sleep activity
65,Fitness Tracker Watch,fitness,Fitbit,Pink,Fitness watch with heart rate monitoring sleep tracking activity goals and smartphone notifications.,138.32,4.9,3850,Target,https://example.com/target/product-65,https://example.com/images/product-65.jpg,In Stock,5-7 days,fitness tracker watch heart rate sleep activity,Fitness Tracker Watch fitness Fitbit Pink Fitness watch with heart rate monitoring sleep tracking activity goals and smartphone notifications. Target fitness tracker watch heart rate sleep activity
66,Fitness Tracker Watch,fitness,Fitbit,Blue,Fitness watch with heart rate monitoring sleep tracking activity goals and smartphone notifications.,165.02,3.9,1137,eBay,https://example.com/ebay/product-66,https://example.com/images/product-66.jpg,In Stock,5-7 days,fitness tracker watch heart rate sleep activity,Fitness Tracker Watch fitness Fitbit Blue Fitness watch with heart rate monitoring sleep tracking activity goals and smartphone notifications. eBay fitness tracker watch heart rate sleep activity
67,Fitness Tracker Watch,fitness,Fitbit,Gray,Fitness watch with heart rate monitoring sleep tracking activity goals and smartphone notifications.,166.19,4.8,4180,Walmart,https://example.com/walmart/product-67,https://example.com/images/product-67.jpg,In Stock,5-7 days,fitness tracker watch heart rate sleep activity,Fitness Tracker Watch fitness Fitbit Gray Fitness watch with heart rate monitoring sleep tracking activity goals and smartphone notifications. Walmart fitness tracker watch heart rate sleep activity
68,Waterproof Travel Backpack,bags,North Face,Blue,Large waterproof backpack with laptop compartment for travel college commuting and weekend trips.,84.79,4.1,2316,eBay,https://example.com/ebay/product-68,https://example.com/images/product-68.jpg,Out of Stock,3-5 days,travel backpack waterproof college laptop commute,Waterproof Travel Backpack bags North Face Blue Large waterproof backpack with laptop compartment for travel college commuting and weekend trips. eBay travel backpack waterproof college laptop commute
69,Waterproof Travel Backpack,bags,North Face,Gray,Large waterproof backpack with laptop compartment for travel college commuting and weekend trips.,85.12,3.9,2385,Walmart,https://example.com/walmart/product-69,https://example.com/images/product-69.jpg,Limited Stock,2 days,travel backpack waterproof college laptop commute,Waterproof Travel Backpack bags North Face Gray Large waterproof backpack with laptop compartment for travel college commuting and weekend trips. Walmart travel backpack waterproof college laptop commute
70,Laptop Backpack With USB Charging,bags,Matein,Gray,Anti theft laptop backpack with USB charging port for college business travel and daily commute.,37.41,4.6,1797,Amazon,https://example.com/amazon/product-70,https://example.com/images/product-70.jpg,In Stock,3-5 days,laptop backpack usb charging college commute,Laptop Backpack With USB Charging bags Matein Gray Anti theft laptop backpack with USB charging port for college business travel and daily commute. Amazon laptop backpack usb charging college commute
71,Laptop Backpack With USB Charging,bags,Matein,Gray,Anti theft laptop backpack with USB charging port for college business travel and daily commute.,38.37,4.3,555,eBay,https://example.com/ebay/product-71,https://example.com/images/product-71.jpg,Limited Stock,3-5 days,laptop backpack usb charging college commute,Laptop Backpack With USB Charging bags Matein Gray Anti theft laptop backpack with USB charging port for college business travel and daily commute. eBay laptop backpack usb charging college commute
72,Laptop Backpack With USB Charging,bags,Matein,Gray,Anti theft laptop backpack with USB charging port for college business travel and daily commute.,43.88,4.4,205,Target,https://example.com/target/product-72,https://example.com/images/product-72.jpg,Out of Stock,3-5 days,laptop backpack usb charging college commute,Laptop Backpack With USB Charging bags Matein Gray Anti theft laptop backpack with USB charging port for college business travel and daily commute. Target laptop backpack usb charging college commute
73,Carry-On Travel Duffel Bag,bags,Samsonite,Gray,Spacious carry-on duffel bag for weekend travel gym trips overnight stays and airport use.,74.25,4.7,3477,Target,https://example.com/target/product-73,https://example.com/images/product-73.jpg,Out of Stock,5-7 days,duffel bag travel carry on gym overnight,Carry-On Travel Duffel Bag bags Samsonite Gray Spacious carry-on duffel bag for weekend travel gym trips overnight stays and airport use. Target duffel bag travel carry on gym overnight
74,Carry-On Travel Duffel Bag,bags,Samsonite,Black,Spacious carry-on duffel bag for weekend travel gym trips overnight stays and airport use.,76.67,4.3,2280,Walmart,https://example.com/walmart/product-74,https://example.com/images/product-74.jpg,In Stock,3-5 days,duffel bag travel carry on gym overnight,Carry-On Travel Duffel Bag bags Samsonite Black Spacious carry-on duffel bag for weekend travel gym trips overnight stays and airport use. Walmart duffel bag travel carry on gym overnight
75,Leather Office Tote Bag,bags,Michael Kors,Beige,Stylish leather tote bag for office work laptop carrying commuting and professional outfits.,173.06,4.8,265,Target,https://example.com/target/product-75,https://example.com/images/product-75.jpg,In Stock,5-7 days,office tote leather laptop professional commute,Leather Office Tote Bag bags Michael Kors Beige Stylish leather tote bag for office work laptop carrying commuting and professional outfits. Target office tote leather laptop professional commute
76,Leather Office Tote Bag,bags,Michael Kors,Black,Stylish leather tote bag for office work laptop carrying commuting and professional outfits.,166.25,3.9,3556,eBay,https://example.com/ebay/product-76,https://example.com/images/product-76.jpg,Limited Stock,3-5 days,office tote leather laptop professional commute,Leather Office Tote Bag bags Michael Kors Black Stylish leather tote bag for office work laptop carrying commuting and professional outfits. eBay office tote leather laptop professional commute
77,Leather Office Tote Bag,bags,Michael Kors,Brown,Stylish leather tote bag for office work laptop carrying commuting and professional outfits.,142.72,4.2,1778,Amazon,https://example.com/amazon/product-77,https://example.com/images/product-77.jpg,In Stock,2 days,office tote leather laptop professional commute,Leather Office Tote Bag bags Michael Kors Brown Stylish leather tote bag for office work laptop carrying commuting and professional outfits. Amazon office tote leather laptop professional commute
78,Stainless Steel Water Bottle,home,Hydro Flask,Black,Insulated stainless steel water bottle keeps drinks cold or hot for school gym travel and office.,37.8,4.3,471,Target,https://example.com/target/product-78,https://example.com/images/product-78.jpg,In Stock,1-2 days,water bottle insulated stainless steel gym travel,Stainless Steel Water Bottle home Hydro Flask Black Insulated stainless steel water bottle keeps drinks cold or hot for school gym travel and office. Target water bottle insulated stainless steel gym travel
79,Stainless Steel Water Bottle,home,Hydro Flask,Black,Insulated stainless steel water bottle keeps drinks cold or hot for school gym travel and office.,37.35,4.5,299,Walmart,https://example.com/walmart/product-79,https://example.com/images/product-79.jpg,Limited Stock,1-2 days,water bottle insulated stainless steel gym travel,Stainless Steel Water Bottle home Hydro Flask Black Insulated stainless steel water bottle keeps drinks cold or hot for school gym travel and office. Walmart water bottle insulated stainless steel gym travel
80,Stainless Steel Water Bottle,home,Hydro Flask,White,Insulated stainless steel water bottle keeps drinks cold or hot for school gym travel and office.,36.01,4.1,3924,eBay,https://example.com/ebay/product-80,https://example.com/images/product-80.jpg,In Stock,5-7 days,water bottle insulated stainless steel gym travel,Stainless Steel Water Bottle home Hydro Flask White Insulated stainless steel water bottle keeps drinks cold or hot for school gym travel and office. eBay water bottle insulated stainless steel gym travel
81,Ergonomic Office Chair,home,Staples,Black,Adjustable ergonomic office chair with lumbar support for work from home study and long sitting hours.,194.82,4.9,983,Target,https://example.com/target/product-81,https://example.com/images/product-81.jpg,Limited Stock,2 days,office chair ergonomic lumbar work from home,Ergonomic Office Chair home Staples Black Adjustable ergonomic office chair with lumbar support for work from home study and long sitting hours. Target office chair ergonomic lumbar work from home
82,Ergonomic Office Chair,home,Staples,Black,Adjustable ergonomic office chair with lumbar support for work from home study and long sitting hours.,193.58,4.8,3119,eBay,https://example.com/ebay/product-82,https://example.com/images/product-82.jpg,In Stock,1-2 days,office chair ergonomic lumbar work from home,Ergonomic Office Chair home Staples Black Adjustable ergonomic office chair with lumbar support for work from home study and long sitting hours. eBay office chair ergonomic lumbar work from home
83,Ergonomic Office Chair,home,Staples,Black,Adjustable ergonomic office chair with lumbar support for work from home study and long sitting hours.,194.19,4.7,2034,Amazon,https://example.com/amazon/product-83,https://example.com/images/product-83.jpg,In Stock,2 days,office chair ergonomic lumbar work from home,Ergonomic Office Chair home Staples Black Adjustable ergonomic office chair with lumbar support for work from home study and long sitting hours. Amazon office chair ergonomic lumbar work from home
84,LED Desk Lamp,home,Anker,White,Adjustable LED desk lamp with brightness levels for studying reading office work and night use.,41.54,3.9,2840,Amazon,https://example.com/amazon/product-84,https://example.com/images/product-84.jpg,In Stock,3-5 days,desk lamp led study reading office,LED Desk Lamp home Anker White Adjustable LED desk lamp with brightness levels for studying reading office work and night use. Amazon desk lamp led study reading office
85,LED Desk Lamp,home,Anker,Black,Adjustable LED desk lamp with brightness levels for studying reading office work and night use.,36.2,4.9,3811,Target,https://example.com/target/product-85,https://example.com/images/product-85.jpg,Limited Stock,3-5 days,desk lamp led study reading office,LED Desk Lamp home Anker Black Adjustable LED desk lamp with brightness levels for studying reading office work and night use. Target desk lamp led study reading office
86,LED Desk Lamp,home,Anker,White,Adjustable LED desk lamp with brightness levels for studying reading office work and night use.,42.23,4.9,2257,Best Buy,https://example.com/best-buy/product-86,https://example.com/images/product-86.jpg,Out of Stock,5-7 days,desk lamp led study reading office,LED Desk Lamp home Anker White Adjustable LED desk lamp with brightness levels for studying reading office work and night use. Best Buy desk lamp led study reading office
87,LED Desk Lamp,home,Anker,Black,Adjustable LED desk lamp with brightness levels for studying reading office work and night use.,39.65,4.7,2243,Walmart,https://example.com/walmart/product-87,https://example.com/images/product-87.jpg,In Stock,1-2 days,desk lamp led study reading office,LED Desk Lamp home Anker Black Adjustable LED desk lamp with brightness levels for studying reading office work and night use. Walmart desk lamp led study reading office
88,Robot Vacuum Cleaner,home,iRobot,White,Smart robot vacuum cleaner for carpets hard floors pet hair and automatic home cleaning.,254.18,4.5,2800,Target,https://example.com/target/product-88,https://example.com/images/product-88.jpg,In Stock,3-5 days,robot vacuum smart cleaning pet hair carpets,Robot Vacuum Cleaner home iRobot White Smart robot vacuum cleaner for carpets hard floors pet hair and automatic home cleaning. Target robot vacuum smart cleaning pet hair carpets
89,Robot Vacuum Cleaner,home,iRobot,White,Smart robot vacuum cleaner for carpets hard floors pet hair and automatic home cleaning.,230.9,4.0,2161,Amazon,https://example.com/amazon/product-89,https://example.com/images/product-89.jpg,In Stock,2 days,robot vacuum smart cleaning pet hair carpets,Robot Vacuum Cleaner home iRobot White Smart robot vacuum cleaner for carpets hard floors pet hair and automatic home cleaning. Amazon robot vacuum smart cleaning pet hair carpets
90,Robot Vacuum Cleaner,home,iRobot,White,Smart robot vacuum cleaner for carpets hard floors pet hair and automatic home cleaning.,253.34,4.4,1610,eBay,https://example.com/ebay/product-90,https://example.com/images/product-90.jpg,In Stock,1-2 days,robot vacuum smart cleaning pet hair carpets,Robot Vacuum Cleaner home iRobot White Smart robot vacuum cleaner for carpets hard floors pet hair and automatic home cleaning. eBay robot vacuum smart cleaning pet hair carpets
91,Ceramic Nonstick Cookware Set,home,GreenPan,Black,Nonstick cookware set for everyday cooking easy cleaning and healthy home meals.,124.19,4.3,186,Walmart,https://example.com/walmart/product-91,https://example.com/images/product-91.jpg,In Stock,2 days,cookware set nonstick kitchen cooking,Ceramic Nonstick Cookware Set home GreenPan Black Nonstick cookware set for everyday cooking easy cleaning and healthy home meals. Walmart cookware set nonstick kitchen cooking
92,Ceramic Nonstick Cookware Set,home,GreenPan,Cream,Nonstick cookware set for everyday cooking easy cleaning and healthy home meals.,117.24,4.1,3068,Target,https://example.com/target/product-92,https://example.com/images/product-92.jpg,In Stock,5-7 days,cookware set nonstick kitchen cooking,Ceramic Nonstick Cookware Set home GreenPan Cream Nonstick cookware set for everyday cooking easy cleaning and healthy home meals. Target cookware set nonstick kitchen cooking
93,Ceramic Nonstick Cookware Set,home,GreenPan,Gray,Nonstick cookware set for everyday cooking easy cleaning and healthy home meals.,115.49,4.9,2754,eBay,https://example.com/ebay/product-93,https://example.com/images/product-93.jpg,In Stock,3-5 days,cookware set nonstick kitchen cooking,Ceramic Nonstick Cookware Set home GreenPan Gray Nonstick cookware set for everyday cooking easy cleaning and healthy home meals. eBay cookware set nonstick kitchen cooking
94,Electric Toothbrush,beauty,Oral-B,Black,Rechargeable electric toothbrush with pressure sensor timer and deep cleaning modes.,73.71,4.1,1561,Target,https://example.com/target/product-94,https://example.com/images/product-94.jpg,Limited Stock,1-2 days,electric toothbrush rechargeable oral care,Electric Toothbrush beauty Oral-B Black Rechargeable electric toothbrush with pressure sensor timer and deep cleaning modes. Target electric toothbrush rechargeable oral care
95,Electric Toothbrush,beauty,Oral-B,Black,Rechargeable electric toothbrush with pressure sensor timer and deep cleaning modes.,66.24,4.4,2363,Walmart,https://example.com/walmart/product-95,https://example.com/images/product-95.jpg,In Stock,1-2 days,electric toothbrush rechargeable oral care,Electric Toothbrush beauty Oral-B Black Rechargeable electric toothbrush with pressure sensor timer and deep cleaning modes. Walmart electric toothbrush rechargeable oral care
96,Electric Toothbrush,beauty,Oral-B,Black,Rechargeable electric toothbrush with pressure sensor timer and deep cleaning modes.,65.41,4.0,160,Amazon,https://example.com/amazon/product-96,https://example.com/images/product-96.jpg,Out of Stock,1-2 days,electric toothbrush rechargeable oral care,Electric Toothbrush beauty Oral-B Black Rechargeable electric toothbrush with pressure sensor timer and deep cleaning modes. Amazon electric toothbrush rechargeable oral care
97,Face Moisturizer SPF,beauty,CeraVe,White,Daily face moisturizer with SPF for hydration sun protection sensitive skin and lightweight wear.,17.09,4.8,4066,Amazon,https://example.com/amazon/product-97,https://example.com/images/product-97.jpg,In Stock,Same day,moisturizer spf face skincare sensitive skin,Face Moisturizer SPF beauty CeraVe White Daily face moisturizer with SPF for hydration sun protection sensitive skin and lightweight wear. Amazon moisturizer spf face skincare sensitive skin
98,Face Moisturizer SPF,beauty,CeraVe,White,Daily face moisturizer with SPF for hydration sun protection sensitive skin and lightweight wear.,17.86,4.3,1555,Target,https://example.com/target/product-98,https://example.com/images/product-98.jpg,In Stock,2 days,moisturizer spf face skincare sensitive skin,Face Moisturizer SPF beauty CeraVe White Daily face moisturizer with SPF for hydration sun protection sensitive skin and lightweight wear. Target moisturizer spf face skincare sensitive skin
99,Hair Dryer Ionic,beauty,Revlon,Red,Ionic hair dryer with multiple heat settings for fast drying frizz control and smooth styling.,39.91,4.4,484,Amazon,https://example.com/amazon/product-99,https://example.com/images/product-99.jpg,Limited Stock,1-2 days,hair dryer ionic frizz styling,Hair Dryer Ionic beauty Revlon Red Ionic hair dryer with multiple heat settings for fast drying frizz control and smooth styling. Amazon hair dryer ionic frizz styling
100,Hair Dryer Ionic,beauty,Revlon,Pink,Ionic hair dryer with multiple heat settings for fast drying frizz control and smooth styling.,44.3,3.9,2078,Best Buy,https://example.com/best-buy/product-100,https://example.com/images/product-100.jpg,In Stock,5-7 days,hair dryer ionic frizz styling,Hair Dryer Ionic beauty Revlon Pink Ionic hair dryer with multiple heat settings for fast drying frizz control and smooth styling. Best Buy hair dryer ionic frizz styling
101,Noise Cancelling Ear Protection,tools,3M,Black,Comfortable ear protection for loud work environments construction study focus and travel noise reduction.,27.44,4.1,3557,Walmart,https://example.com/walmart/product-101,https://example.com/images/product-101.jpg,In Stock,5-7 days,ear protection noise reduction work focus,Noise Cancelling Ear Protection tools 3M Black Comfortable ear protection for loud work environments construction study focus and travel noise reduction. Walmart ear protection noise reduction work focus
102,Noise Cancelling Ear Protection,tools,3M,Black,Comfortable ear protection for loud work environments construction study focus and travel noise reduction.,25.65,4.6,1747,Target,https://example.com/target/product-102,https://example.com/images/product-102.jpg,Limited Stock,2 days,ear protection noise reduction work focus,Noise Cancelling Ear Protection tools 3M Black Comfortable ear protection for loud work environments construction study focus and travel noise reduction. Target ear protection noise reduction work focus
103,Noise Cancelling Ear Protection,tools,3M,Yellow,Comfortable ear protection for loud work environments construction study focus and travel noise reduction.,22.93,4.0,659,eBay,https://example.com/ebay/product-103,https://example.com/images/product-103.jpg,Limited Stock,Same day,ear protection noise reduction work focus,Noise Cancelling Ear Protection tools 3M Yellow Comfortable ear protection for loud work environments construction study focus and travel noise reduction. eBay ear protection noise reduction work focus
104,Noise Cancelling Ear Protection,tools,3M,Yellow,Comfortable ear protection for loud work environments construction study focus and travel noise reduction.,24.69,4.5,2430,Amazon,https://example.com/amazon/product-104,https://example.com/images/product-104.jpg,In Stock,1-2 days,ear protection noise reduction work focus,Noise Cancelling Ear Protection tools 3M Yellow Comfortable ear protection for loud work environments construction study focus and travel noise reduction. Amazon ear protection noise reduction work focus
105,Cordless Drill Kit,tools,DeWalt,Yellow,Cordless drill kit with battery and charger for home repair furniture assembly and DIY projects.,143.22,4.7,1665,Best Buy,https://example.com/best-buy/product-105,https://example.com/images/product-105.jpg,In Stock,Same day,cordless drill diy home repair tools,Cordless Drill Kit tools DeWalt Yellow Cordless drill kit with battery and charger for home repair furniture assembly and DIY projects. Best Buy cordless drill diy home repair tools
106,Cordless Drill Kit,tools,DeWalt,Yellow,Cordless drill kit with battery and charger for home repair furniture assembly and DIY projects.,134.6,4.8,1210,Target,https://example.com/target/product-106,https://example.com/images/product-106.jpg,In Stock,Same day,cordless drill diy home repair tools,Cordless Drill Kit tools DeWalt Yellow Cordless drill kit with battery and charger for home repair furniture assembly and DIY projects. Target cordless drill diy home repair tools
107,Cordless Drill Kit,tools,DeWalt,Black,Cordless drill kit with battery and charger for home repair furniture assembly and DIY projects.,139.12,4.5,2409,Amazon,https://example.com/amazon/product-107,https://example.com/images/product-107.jpg,In Stock,Same day,cordless drill diy home repair tools,Cordless Drill Kit tools DeWalt Black Cordless drill kit with battery and charger for home repair furniture assembly and DIY projects. Amazon cordless drill diy home repair tools
108,Cordless Drill Kit,tools,DeWalt,Black,Cordless drill kit with battery and charger for home repair furniture assembly and DIY projects.,135.88,4.6,2275,eBay,https://example.com/ebay/product-108,https://example.com/images/product-108.jpg,Out of Stock,5-7 days,cordless drill diy home repair tools,Cordless Drill Kit tools DeWalt Black Cordless drill kit with battery and charger for home repair furniture assembly and DIY projects. eBay cordless drill diy home repair tools
109,Smart LED Light Bulbs,home,Philips Hue,White,Smart color LED bulbs compatible with voice assistants for home automation mood lighting and energy savings.,63.37,4.5,256,Amazon,https://example.com/amazon/product-109,https://example.com/images/product-109.jpg,In Stock,1-2 days,smart bulbs led home automation lighting,Smart LED Light Bulbs home Philips Hue White Smart color LED bulbs compatible with voice assistants for home automation mood lighting and energy savings. Amazon smart bulbs led home automation lighting
110,Smart LED Light Bulbs,home,Philips Hue,White,Smart color LED bulbs compatible with voice assistants for home automation mood lighting and energy savings.,67.18,4.5,2252,eBay,https://example.com/ebay/product-110,https://example.com/images/product-110.jpg,Out of Stock,Same day,smart bulbs led home automation lighting,Smart LED Light Bulbs home Philips Hue White Smart color LED bulbs compatible with voice assistants for home automation mood lighting and energy savings. eBay smart bulbs led home automation lighting
111,Smart LED Light Bulbs,home,Philips Hue,Multi-color,Smart color LED bulbs compatible with voice assistants for home automation mood lighting and energy savings.,59.57,4.5,2323,Walmart,https://example.com/walmart/product-111,https://example.com/images/product-111.jpg,Limited Stock,5-7 days,smart bulbs led home automation lighting,Smart LED Light Bulbs home Philips Hue Multi-color Smart color LED bulbs compatible with voice assistants for home automation mood lighting and energy savings. Walmart smart bulbs led home automation lighting
112,4K Smart TV 55 Inch,electronics,Samsung,Black,55 inch 4K smart TV with streaming apps HDR display and vivid picture quality for entertainment.,440.09,4.2,901,Target,https://example.com/target/product-112,https://example.com/images/product-112.jpg,Limited Stock,2 days,4k smart tv hdr streaming 55 inch,4K Smart TV 55 Inch electronics Samsung Black 55 inch 4K smart TV with streaming apps HDR display and vivid picture quality for entertainment. Target 4k smart tv hdr streaming 55 inch
113,4K Smart TV 55 Inch,electronics,Samsung,Black,55 inch 4K smart TV with streaming apps HDR display and vivid picture quality for entertainment.,470.91,4.1,3325,Best Buy,https://example.com/best-buy/product-113,https://example.com/images/product-113.jpg,Out of Stock,Same day,4k smart tv hdr streaming 55 inch,4K Smart TV 55 Inch electronics Samsung Black 55 inch 4K smart TV with streaming apps HDR display and vivid picture quality for entertainment. Best Buy 4k smart tv hdr streaming 55 inch
114,4K Smart TV 55 Inch,electronics,Samsung,Black,55 inch 4K smart TV with streaming apps HDR display and vivid picture quality for entertainment.,405.5,4.1,994,Amazon,https://example.com/amazon/product-114,https://example.com/images/product-114.jpg,In Stock,5-7 days,4k smart tv hdr streaming 55 inch,4K Smart TV 55 Inch electronics Samsung Black 55 inch 4K smart TV with streaming apps HDR display and vivid picture quality for entertainment. Amazon 4k smart tv hdr streaming 55 inch
115,4K Smart TV 55 Inch,electronics,Samsung,Black,55 inch 4K smart TV with streaming apps HDR display and vivid picture quality for entertainment.,467.02,4.4,3430,Walmart,https://example.com/walmart/product-115,https://example.com/images/product-115.jpg,In Stock,1-2 days,4k smart tv hdr streaming 55 inch,4K Smart TV 55 Inch electronics Samsung Black 55 inch 4K smart TV with streaming apps HDR display and vivid picture quality for entertainment. Walmart 4k smart tv hdr streaming 55 inch
116,Portable Bluetooth Speaker,electronics,Anker,Black,Water resistant bluetooth speaker with powerful sound long battery life for travel outdoor and parties.,47.2,3.9,2404,Target,https://example.com/target/product-116,https://example.com/images/product-116.jpg,In Stock,3-5 days,bluetooth speaker portable water resistant outdoor,Portable Bluetooth Speaker electronics Anker Black Water resistant bluetooth speaker with powerful sound long battery life for travel outdoor and parties. Target bluetooth speaker portable water resistant outdoor
117,Portable Bluetooth Speaker,electronics,Anker,Red,Water resistant bluetooth speaker with powerful sound long battery life for travel outdoor and parties.,44.34,4.5,2005,eBay,https://example.com/ebay/product-117,https://example.com/images/product-117.jpg,Limited Stock,2 days,bluetooth speaker portable water resistant outdoor,Portable Bluetooth Speaker electronics Anker Red Water resistant bluetooth speaker with powerful sound long battery life for travel outdoor and parties. eBay bluetooth speaker portable water resistant outdoor
118,Portable Bluetooth Speaker,electronics,Anker,Black,Water resistant bluetooth speaker with powerful sound long battery life for travel outdoor and parties.,44.16,4.2,1885,Best Buy,https://example.com/best-buy/product-118,https://example.com/images/product-118.jpg,In Stock,3-5 days,bluetooth speaker portable water resistant outdoor,Portable Bluetooth Speaker electronics Anker Black Water resistant bluetooth speaker with powerful sound long battery life for travel outdoor and parties. Best Buy bluetooth speaker portable water resistant outdoor
119,Portable Bluetooth Speaker,electronics,Anker,Blue,Water resistant bluetooth speaker with powerful sound long battery life for travel outdoor and parties.,51.76,4.0,2435,Walmart,https://example.com/walmart/product-119,https://example.com/images/product-119.jpg,Out of Stock,2 days,bluetooth speaker portable water resistant outdoor,Portable Bluetooth Speaker electronics Anker Blue Water resistant bluetooth speaker with powerful sound long battery life for travel outdoor and parties. Walmart bluetooth speaker portable water resistant outdoor
120,Mechanical Gaming Keyboard,electronics,Logitech,White,RGB mechanical keyboard with tactile switches for gaming coding typing and productivity.,91.1,4.2,1163,Target,https://example.com/target/product-120,https://example.com/images/product-120.jpg,In Stock,2 days,mechanical keyboard gaming coding rgb,Mechanical Gaming Keyboard electronics Logitech White RGB mechanical keyboard with tactile switches for gaming coding typing and productivity. Target mechanical keyboard gaming coding rgb
121,Mechanical Gaming Keyboard,electronics,Logitech,White,RGB mechanical keyboard with tactile switches for gaming coding typing and productivity.,86.53,4.7,2233,Amazon,https://example.com/amazon/product-121,https://example.com/images/product-121.jpg,In Stock,2 days,mechanical keyboard gaming coding rgb,Mechanical Gaming Keyboard electronics Logitech White RGB mechanical keyboard with tactile switches for gaming coding typing and productivity. Amazon mechanical keyboard gaming coding rgb
122,Mechanical Gaming Keyboard,electronics,Logitech,White,RGB mechanical keyboard with tactile switches for gaming coding typing and productivity.,97.28,4.4,4056,eBay,https://example.com/ebay/product-122,https://example.com/images/product-122.jpg,Limited Stock,3-5 days,mechanical keyboard gaming coding rgb,Mechanical Gaming Keyboard electronics Logitech White RGB mechanical keyboard with tactile switches for gaming coding typing and productivity. eBay mechanical keyboard gaming coding rgb
123,Budget Walking Sneakers,footwear,Avia,White,Affordable cushioned walking sneakers for daily errands work shifts and light exercise.,39.56,4.2,1590,Target,https://example.com/target/product-123,https://example.com/images/product-123.jpg,Limited Stock,5-7 days,budget walking sneakers comfort daily errands,Budget Walking Sneakers footwear Avia White Affordable cushioned walking sneakers for daily errands work shifts and light exercise. Target budget walking sneakers comfort daily errands
124,Budget Walking Sneakers,footwear,Avia,Gray,Affordable cushioned walking sneakers for daily errands work shifts and light exercise.,37.43,4.7,402,eBay,https://example.com/ebay/product-124,https://example.com/images/product-124.jpg,In Stock,3-5 days,budget walking sneakers comfort daily errands,Budget Walking Sneakers footwear Avia Gray Affordable cushioned walking sneakers for daily errands work shifts and light exercise. eBay budget walking sneakers comfort daily errands
125,Budget Walking Sneakers,footwear,Avia,Black,Affordable cushioned walking sneakers for daily errands work shifts and light exercise.,43.96,4.2,1291,Amazon,https://example.com/amazon/product-125,https://example.com/images/product-125.jpg,In Stock,Same day,budget walking sneakers comfort daily errands,Budget Walking Sneakers footwear Avia Black Affordable cushioned walking sneakers for daily errands work shifts and light exercise. Amazon budget walking sneakers comfort daily errands
126,Premium Trail Running Shoes,footwear,Salomon,Green,Durable trail running shoes with strong grip for hiking rocky paths outdoor training and wet terrain.,152.56,4.3,3788,eBay,https://example.com/ebay/product-126,https://example.com/images/product-126.jpg,In Stock,1-2 days,trail running shoes hiking grip outdoor,Premium Trail Running Shoes footwear Salomon Green Durable trail running shoes with strong grip for hiking rocky paths outdoor training and wet terrain. eBay trail running shoes hiking grip outdoor
127,Premium Trail Running Shoes,footwear,Salomon,Green,Durable trail running shoes with strong grip for hiking rocky paths outdoor training and wet terrain.,152.45,4.9,657,Walmart,https://example.com/walmart/product-127,https://example.com/images/product-127.jpg,In Stock,2 days,trail running shoes hiking grip outdoor,Premium Trail Running Shoes footwear Salomon Green Durable trail running shoes with strong grip for hiking rocky paths outdoor training and wet terrain. Walmart trail running shoes hiking grip outdoor
128,Premium Trail Running Shoes,footwear,Salomon,Green,Durable trail running shoes with strong grip for hiking rocky paths outdoor training and wet terrain.,144.13,4.2,702,Amazon,https://example.com/amazon/product-128,https://example.com/images/product-128.jpg,In Stock,5-7 days,trail running shoes hiking grip outdoor,Premium Trail Running Shoes footwear Salomon Green Durable trail running shoes with strong grip for hiking rocky paths outdoor training and wet terrain. Amazon trail running shoes hiking grip outdoor
129,Student Noise Cancelling Headphones,electronics,Soundcore,Blue,Budget wireless headphones with noise reduction for studying classes travel and remote meetings.,53.78,4.5,2399,Best Buy,https://example.com/best-buy/product-129,https://example.com/images/product-129.jpg,Limited Stock,Same day,student headphones noise cancelling study budget,Student Noise Cancelling Headphones electronics Soundcore Blue Budget wireless headphones with noise reduction for studying classes travel and remote meetings. Best Buy student headphones noise cancelling study budget
130,Student Noise Cancelling Headphones,electronics,Soundcore,White,Budget wireless headphones with noise reduction for studying classes travel and remote meetings.,66.88,4.6,868,Amazon,https://example.com/amazon/product-130,https://example.com/images/product-130.jpg,In Stock,1-2 days,student headphones noise cancelling study budget,Student Noise Cancelling Headphones electronics Soundcore White Budget wireless headphones with noise reduction for studying classes travel and remote meetings. Amazon student headphones noise cancelling study budget
131,Student Noise Cancelling Headphones,electronics,Soundcore,Blue,Budget wireless headphones with noise reduction for studying classes travel and remote meetings.,57.1,3.8,2702,Target,https://example.com/target/product-131,https://example.com/images/product-131.jpg,In Stock,2 days,student headphones noise cancelling study budget,Student Noise Cancelling Headphones electronics Soundcore Blue Budget wireless headphones with noise reduction for studying classes travel and remote meetings. Target student headphones noise cancelling study budget
132,Compact Tablet for Reading,electronics,Samsung,Gray,Lightweight tablet for reading notes streaming online classes and casual browsing.,221.64,4.4,1520,Target,https://example.com/target/product-132,https://example.com/images/product-132.jpg,Limited Stock,1-2 days,tablet reading notes streaming classes,Compact Tablet for Reading electronics Samsung Gray Lightweight tablet for reading notes streaming online classes and casual browsing. Target tablet reading notes streaming classes
133,Compact Tablet for Reading,electronics,Samsung,Gray,Lightweight tablet for reading notes streaming online classes and casual browsing.,225.77,4.2,2017,Amazon,https://example.com/amazon/product-133,https://example.com/images/product-133.jpg,In Stock,5-7 days,tablet reading notes streaming classes,Compact Tablet for Reading electronics Samsung Gray Lightweight tablet for reading notes streaming online classes and casual browsing. Amazon tablet reading notes streaming classes
134,Compact Tablet for Reading,electronics,Samsung,Silver,Lightweight tablet for reading notes streaming online classes and casual browsing.,205.85,4.5,3809,Best Buy,https://example.com/best-buy/product-134,https://example.com/images/product-134.jpg,In Stock,Same day,tablet reading notes streaming classes,Compact Tablet for Reading electronics Samsung Silver Lightweight tablet for reading notes streaming online classes and casual browsing. Best Buy tablet reading notes streaming classes
135,Breathable Running Shorts,clothing,Nike,Blue,Lightweight running shorts with moisture wicking fabric for gym workouts jogging and summer wear.,29.57,4.2,2495,eBay,https://example.com/ebay/product-135,https://example.com/images/product-135.jpg,In Stock,2 days,running shorts gym workout moisture wicking,Breathable Running Shorts clothing Nike Blue Lightweight running shorts with moisture wicking fabric for gym workouts jogging and summer wear. eBay running shorts gym workout moisture wicking
136,Breathable Running Shorts,clothing,Nike,Black,Lightweight running shorts with moisture wicking fabric for gym workouts jogging and summer wear.,32.48,4.0,3196,Amazon,https://example.com/amazon/product-136,https://example.com/images/product-136.jpg,In Stock,Same day,running shorts gym workout moisture wicking,Breathable Running Shorts clothing Nike Black Lightweight running shorts with moisture wicking fabric for gym workouts jogging and summer wear. Amazon running shorts gym workout moisture wicking
137,Breathable Running Shorts,clothing,Nike,Gray,Lightweight running shorts with moisture wicking fabric for gym workouts jogging and summer wear.,29.14,4.2,2468,Nike,https://example.com/nike/product-137,https://example.com/images/product-137.jpg,In Stock,Same day,running shorts gym workout moisture wicking,Breathable Running Shorts clothing Nike Gray Lightweight running shorts with moisture wicking fabric for gym workouts jogging and summer wear. Nike running shorts gym workout moisture wicking
138,Insulated Lunch Bag,bags,Bentgo,Blue,Reusable insulated lunch bag for office school travel and keeping food fresh.,27.45,4.6,2389,Target,https://example.com/target/product-138,https://example.com/images/product-138.jpg,Limited Stock,5-7 days,lunch bag insulated office school travel,Insulated Lunch Bag bags Bentgo Blue Reusable insulated lunch bag for office school travel and keeping food fresh. Target lunch bag insulated office school travel
139,Insulated Lunch Bag,bags,Bentgo,Pink,Reusable insulated lunch bag for office school travel and keeping food fresh.,23.3,4.0,2098,Amazon,https://example.com/amazon/product-139,https://example.com/images/product-139.jpg,Limited Stock,Same day,lunch bag insulated office school travel,Insulated Lunch Bag bags Bentgo Pink Reusable insulated lunch bag for office school travel and keeping food fresh. Amazon lunch bag insulated office school travel
140,Insulated Lunch Bag,bags,Bentgo,Blue,Reusable insulated lunch bag for office school travel and keeping food fresh.,25.87,4.1,3656,eBay,https://example.com/ebay/product-140,https://example.com/images/product-140.jpg,In Stock,5-7 days,lunch bag insulated office school travel,Insulated Lunch Bag bags Bentgo Blue Reusable insulated lunch bag for office school travel and keeping food fresh. eBay lunch bag insulated office school travel
141,Standing Desk Converter,home,FlexiSpot,White,Adjustable standing desk converter for ergonomic work from home and study setups.,169.49,4.0,1127,Walmart,https://example.com/walmart/product-141,https://example.com/images/product-141.jpg,Out of Stock,2 days,standing desk ergonomic work from home,Standing Desk Converter home FlexiSpot White Adjustable standing desk converter for ergonomic work from home and study setups. Walmart standing desk ergonomic work from home
142,Standing Desk Converter,home,FlexiSpot,Black,Adjustable standing desk converter for ergonomic work from home and study setups.,172.68,4.1,3992,Amazon,https://example.com/amazon/product-142,https://example.com/images/product-142.jpg,In Stock,2 days,standing desk ergonomic work from home,Standing Desk Converter home FlexiSpot Black Adjustable standing desk converter for ergonomic work from home and study setups. Amazon standing desk ergonomic work from home
143,Standing Desk Converter,home,FlexiSpot,White,Adjustable standing desk converter for ergonomic work from home and study setups.,158.77,3.9,1893,eBay,https://example.com/ebay/product-143,https://example.com/images/product-143.jpg,In Stock,5-7 days,standing desk ergonomic work from home,Standing Desk Converter home FlexiSpot White Adjustable standing desk converter for ergonomic work from home and study setups. eBay standing desk ergonomic work from home
144,Standing Desk Converter,home,FlexiSpot,White,Adjustable standing desk converter for ergonomic work from home and study setups.,144.26,4.2,2211,Target,https://example.com/target/product-144,https://example.com/images/product-144.jpg,Out of Stock,Same day,standing desk ergonomic work from home,Standing Desk Converter home FlexiSpot White Adjustable standing desk converter for ergonomic work from home and study setups. Target standing desk ergonomic work from home
145,Smartwatch for Android,electronics,Samsung,Pink,Smartwatch with fitness tracking notifications GPS and health monitoring for Android phones.,276.41,3.9,1960,Walmart,https://example.com/walmart/product-145,https://example.com/images/product-145.jpg,In Stock,Same day,smartwatch android fitness notifications gps,Smartwatch for Android electronics Samsung Pink Smartwatch with fitness tracking notifications GPS and health monitoring for Android phones. Walmart smartwatch android fitness notifications gps
146,Smartwatch for Android,electronics,Samsung,Pink,Smartwatch with fitness tracking notifications GPS and health monitoring for Android phones.,273.04,4.4,1858,Target,https://example.com/target/product-146,https://example.com/images/product-146.jpg,In Stock,3-5 days,smartwatch android fitness notifications gps,Smartwatch for Android electronics Samsung Pink Smartwatch with fitness tracking notifications GPS and health monitoring for Android phones. Target smartwatch android fitness notifications gps
147,Smartwatch for Android,electronics,Samsung,Silver,Smartwatch with fitness tracking notifications GPS and health monitoring for Android phones.,238.12,4.2,1190,eBay,https://example.com/ebay/product-147,https://example.com/images/product-147.jpg,In Stock,Same day,smartwatch android fitness notifications gps,Smartwatch for Android electronics Samsung Silver Smartwatch with fitness tracking notifications GPS and health monitoring for Android phones. eBay smartwatch android fitness notifications gps
148,Apple Watch SE,electronics,Apple,Silver,Smartwatch with fitness tracking heart rate notifications and safety features for iPhone users.,273.22,3.9,3761,Best Buy,https://example.com/best-buy/product-148,https://example.com/images/product-148.jpg,In Stock,5-7 days,apple watch fitness notifications iphone,Apple Watch SE electronics Apple Silver Smartwatch with fitness tracking heart rate notifications and safety features for iPhone users. Best Buy apple watch fitness notifications iphone
149,Apple Watch SE,electronics,Apple,Starlight,Smartwatch with fitness tracking heart rate notifications and safety features for iPhone users.,255.23,4.6,3443,eBay,https://example.com/ebay/product-149,https://example.com/images/product-149.jpg,In Stock,3-5 days,apple watch fitness notifications iphone,Apple Watch SE electronics Apple Starlight Smartwatch with fitness tracking heart rate notifications and safety features for iPhone users. eBay apple watch fitness notifications iphone
150,Apple Watch SE,electronics,Apple,Silver,Smartwatch with fitness tracking heart rate notifications and safety features for iPhone users.,244.48,4.8,313,Target,https://example.com/target/product-150,https://example.com/images/product-150.jpg,In Stock,1-2 days,apple watch fitness notifications iphone,Apple Watch SE electronics Apple Silver Smartwatch with fitness tracking heart rate notifications and safety features for iPhone users. Target apple watch fitness notifications iphone
151,Travel Neck Pillow,travel,Cabeau,Blue,Memory foam neck pillow for flights road trips airport naps and comfortable travel support.,39.03,4.2,2983,Walmart,https://example.com/walmart/product-151,https://example.com/images/product-151.jpg,In Stock,3-5 days,travel pillow neck flight comfort memory foam,Travel Neck Pillow travel Cabeau Blue Memory foam neck pillow for flights road trips airport naps and comfortable travel support. Walmart travel pillow neck flight comfort memory foam
152,Travel Neck Pillow,travel,Cabeau,Gray,Memory foam neck pillow for flights road trips airport naps and comfortable travel support.,32.39,3.9,3770,eBay,https://example.com/ebay/product-152,https://example.com/images/product-152.jpg,In Stock,1-2 days,travel pillow neck flight comfort memory foam,Travel Neck Pillow travel Cabeau Gray Memory foam neck pillow for flights road trips airport naps and comfortable travel support. eBay travel pillow neck flight comfort memory foam
153,Travel Neck Pillow,travel,Cabeau,Black,Memory foam neck pillow for flights road trips airport naps and comfortable travel support.,36.16,4.9,459,Amazon,https://example.com/amazon/product-153,https://example.com/images/product-153.jpg,In Stock,1-2 days,travel pillow neck flight comfort memory foam,Travel Neck Pillow travel Cabeau Black Memory foam neck pillow for flights road trips airport naps and comfortable travel support. Amazon travel pillow neck flight comfort memory foam
